Cycle,ChargingCapacity,DischargingCapacity,ChargingVoltage,DischargingVoltage,ChargingTemp,DischargingTemp,ChargingTime,DischargingTime
0,724.1208914,-739.1109211,4.1999769,2.6998193,40.113808,40.937637,735954.8996,735954.859
1,714.5350427,-730.1929494,4.200017,2.6998594,40.176216,40.787846,735962.0645,735962.0245
2,709.8543465,-725.7467376,4.1998968,2.7000198,40.16375,40.80035,735969.2179,735969.1781
3,707.0393485,-722.8431973,4.1998005,2.6999636,40.126312,40.737942,735977.8719,735977.8323
4,702.2342863,-718.3668958,4.1998005,2.7001641,40.151283,40.762875,735985.0076,735984.9682
5,698.8440013,-714.9787007,4.2000809,2.6998432,40.138779,40.850254,735992.1351,735992.0959
6,695.4850715,-711.6204054,4.1999207,2.6999636,40.126312,40.787846,735999.2548,735999.2158
7,691.6932258,-709.532117,4.1999211,2.7002044,40.176216,40.825283,736006.8702,736006.8313
8,687.6300422,-705.8480111,4.1998405,2.7002444,40.188721,40.875229,736013.9819,736013.9432
9,684.2488065,-702.5449769,4.1999612,2.700084,40.138779,40.887695,736021.0867,736021.0482
10,681.0607272,-699.4156478,4.2000413,2.6999238,40.088875,40.825283,736028.1844,736028.1461
11,677.8486336,-696.2835912,4.1998005,2.6998034,40.213692,40.887695,736035.2753,736035.2371
12,674.7281888,-693.2672854,4.1998806,2.6999238,40.151283,40.850254,736042.359,736042.321
13,671.5560814,-690.3687944,4.1998005,2.7000439,40.188721,40.912663,736049.4363,736049.3986
14,668.6709792,-687.6192407,4.1999211,2.6999638,40.226158,40.875229,736056.5072,736056.4696
15,,,,,40.226158,,736056.5072,736056.4696
16,662.9724288,-681.8263155,4.199955,2.700078,0.52071792,0.52169186,736071.6276,736071.5903
17,,,,,0.52071792,,736071.6276,736071.5903
18,656.4621886,-675.887127,4.1997943,2.6999977,40.263599,40.950142,736088.8276,736088.7907
19,653.2751604,-672.7432856,4.2000537,2.7002168,40.201187,40.875229,736096.6027,736096.566
20,650.1157423,-669.7317983,4.1998334,2.7001567,40.213692,40.812817,736104.6021,736104.5655
21,647.1105117,-667.4184829,4.1997528,2.7000365,40.313541,40.887695,736111.6443,736111.6079
22,644.0549445,-663.9526202,4.1999426,2.700186,40.251133,40.862762,736119.7263,736119.69
23,640.7948747,-661.4396086,4.2000628,2.700146,40.37595,40.975075,736126.7601,736126.724
24,638.1391374,-658.2324497,4.1999502,2.6999531,40.37595,40.975075,736134.7114,736134.6755
25,635.3790872,-656.3019663,4.1999907,2.7001135,40.37595,41.037483,736141.7365,736141.7007
26,632.3887851,-652.7810453,4.1999946,2.7001178,40.400921,41.149837,736151.9036,736151.868
27,629.9572173,-651.2742697,4.1999545,2.6999974,40.350979,41.037483,736158.9197,736158.8842
28,627.3439848,-648.8501025,4.1999145,2.6998773,40.388416,41.099892,736165.9379,736165.9026
29,624.1095617,-645.0218398,4.2001953,2.6999574,40.350979,40.925171,736177.8591,736177.824
30,622.4489089,-644.1689848,4.1997943,2.6999574,40.488304,41.099892,736184.8615,736184.8264
31,619.9778349,-642.0891598,4.1999145,2.6999574,40.475796,41.137371,736191.8672,736191.8323
32,617.3031788,-638.7729233,4.1997542,2.6999974,40.413387,41.099892,736200.8489,736200.8142
33,615.3476619,-637.8192442,4.1997943,2.7000377,40.388416,40.937637,736207.8386,736207.8039
34,,,,,40.388416,,736207.8386,736207.8039
35,611.3405703,-632.203018,4.1998973,2.7001004,40.213692,40.862762,736223.6732,736223.6388
36,609.7195456,-631.7444982,4.1999373,2.7000604,40.301033,40.862762,736230.6458,736230.6115
37,605.1998563,-629.5202834,4.1999373,2.7001407,38.403778,41.736496,736237.6266,736237.5926
38,604.134921,-625.4908168,4.1998973,2.7000203,40.388416,41.01255,736249.7992,736249.7653
39,602.8723866,-625.2583088,4.1997371,2.7000203,40.388416,41.000046,736256.7654,736256.7314
40,600.9075598,-623.5531648,4.2000976,2.6998999,40.475796,41.1124,736263.7366,736263.7028
41,598.2787879,-620.4774482,4.1999774,2.6999803,40.488304,41.137371,736272.519,736272.4854
42,596.7047192,-619.5186641,4.1999521,2.6998746,40.450829,41.074959,736279.717,736279.6834
43,594.0871314,-617.6078318,4.1999121,2.699995,40.413387,41.01255,736286.6703,736286.6369
44,591.9284796,-615.7261856,4.1999922,2.7001956,40.413387,41.000046,736293.6281,736293.5948
45,589.3588372,-612.7444427,4.1999121,2.7001154,40.400921,41.087425,736301.5887,736301.5555
46,588.0833075,-612.3496116,4.199832,2.7001956,40.400921,41.062458,736308.5319,736308.4988
47,,,,,40.400921,,736308.5319,736308.4988
48,584.2617834,-608.8768448,4.2000718,2.7000346,40.400921,41.087425,736324.5799,736324.547
49,,,,,40.400921,,736324.5799,736324.547
50,579.5968327,-604.2869401,4.1999211,2.6999638,40.388416,41.01255,736348.7767,736348.7441
51,577.6717759,-603.2069763,4.2000813,2.6998434,40.226158,41.037483,736355.6753,736355.6428
52,575.5147034,-599.8239008,4.2001333,2.7001359,40.750408,41.374504,736367.7684,736367.736
53,574.7467035,-599.8621535,4.1997323,2.7002161,40.725437,41.312096,736374.6495,736374.6172
54,572.8103356,-598.1587016,4.1999326,2.7000957,40.700466,41.312096,736381.5279,736381.4957
55,568.9614464,-594.2801485,4.1999726,2.6999755,40.737942,41.387009,736394.0558,736394.0238
56,568.6323374,-594.4675726,4.2000527,2.7000556,40.750408,41.349533,736400.9266,736400.8946
57,566.7898372,-592.8573513,4.2001333,2.7000155,40.712971,41.387009,736407.7943,736407.7624
58,564.7710881,-590.425367,4.2000928,2.6997349,40.775379,41.436913,736414.857,736414.8253
59,563.0229675,-589.4471143,4.1997323,2.699775,40.750408,41.399475,736421.7184,736421.6867
60,561.531986,-588.1173066,4.1998525,2.6998951,40.837788,41.374504,736428.5775,736428.5459
61,559.0240165,-585.5603691,4.1999307,2.7000136,40.862762,41.474392,736436.6657,736436.6342
62,558.993235,-585.7463795,4.1998906,2.7002141,40.725437,41.387009,736443.5209,736443.4895
63,557.2408422,-584.151831,4.1998506,2.6997731,40.737942,41.387009,736450.3731,736450.3417
64,554.0352644,-581.275762,4.1999707,2.6997731,40.825283,41.524292,736459.5393,736459.5081
65,554.4326746,-581.6547783,4.2000108,2.6998935,40.775379,41.449417,736466.387,736466.3558
66,552.593674,-580.033439,4.1997705,2.6998532,40.80035,41.399475,736473.2308,736473.1997
67,550.9885335,-577.6338802,4.1999726,2.699935,40.80035,41.399475,736490.5443,736490.5133
68,550.4593526,-577.5893924,4.199852,2.7000153,40.775379,41.436913,736497.3812,736497.3502
69,549.1350762,-576.4167708,4.2000527,2.7001758,40.850254,41.362038,736504.2138,736504.1829
70,545.1952021,-573.097979,4.1999321,2.7000954,40.775379,41.499325,736515.76,736515.7293
71,545.1952021,-573.097979,4.1999321,2.7000954,40.775379,41.499325,736515.76,736515.7293
72,545.2029576,-574.971466,4.199852,2.6998549,40.737942,41.461884,736522.6442,736522.6135
73,543.670512,-572.037564,4.1997318,2.7001355,40.787846,41.449417,736529.4686,736529.4381
74,541.9178534,-570.4365838,4.2000928,2.7001355,40.775379,41.511826,736536.2911,736536.2607
75,539.6733627,-568.2678595,4.1999497,2.699832,40.762875,41.449417,736543.5187,736543.4884
76,538.7682346,-567.7929103,4.1999497,2.7001929,40.787846,41.349533,736550.3368,736550.3065
77,537.5784987,-566.7532309,4.1999898,2.6997919,40.762875,41.374504,736557.1524,736557.1221
78,534.7154671,-564.2265725,4.199789,2.7000725,40.762875,41.411942,736564.7366,736564.7066
79,534.7317289,-564.3176976,4.199789,2.6999924,40.787846,41.374504,736571.5496,736571.5195
80,533.2962154,-563.0464545,4.199749,2.7000725,40.675533,41.374504,736578.3588,736578.3288
81,529.4571383,-560.0135969,4.20011,2.7001529,40.837788,41.549267,736586.6835,736586.6537
82,530.5961184,-560.6495829,4.1999097,2.6999924,40.762875,41.374504,736593.4895,736593.4597
0,718.7412979,-734.8189657,4.199935,2.699652,40.272949,40.946712,735954.8976,735954.8572
1,709.5681071,-726.6220579,4.1998949,2.6999323,40.235508,40.884304,735962.0591,735962.0192
2,704.9058163,-722.15714,4.1998148,2.6999323,40.210575,40.909275,735969.2092,735969.1696
3,702.3456149,-719.21562,4.1998296,2.7001479,40.247974,40.884304,735977.8726,735977.8331
4,697.1368474,-714.5823075,4.1998296,2.7000675,40.210575,40.934246,735985.0035,735984.9643
5,693.528053,-711.1216758,4.1999502,2.7000275,40.260483,40.934246,735992.1267,735992.0877
6,690.2526228,-708.0616104,4.1998296,2.7001479,40.148167,40.934246,735999.2425,735999.2037
7,687.9312179,-705.4509534,4.1999207,2.6998377,40.260483,40.946712,736006.8703,736006.8316
8,683.9562011,-701.9102315,4.1998806,2.7002387,40.310383,40.896809,736013.9748,736013.9363
9,681.149037,-699.2549903,4.1998005,2.6999981,40.185604,40.934246,736021.073,736021.0347
10,678.4389755,-696.663755,4.1997204,2.6999981,40.223042,40.809467,736028.1652,736028.127
11,675.6869705,-693.9847933,4.1998405,2.699918,40.260483,40.984154,736035.2515,736035.2135
12,672.6909482,-691.201113,4.1998005,2.6999981,40.285416,40.934246,736042.3319,736042.294
13,669.6118517,-688.2824454,4.1999207,2.7000782,40.235508,40.884304,736049.4061,736049.3684
14,666.669358,-685.4468688,4.2000809,2.7001183,40.260483,40.909275,736056.4741,736056.4366
15,,,,,40.260483,,736056.4741,736056.4366
16,661.0438751,-679.5110214,4.2000775,2.6999547,40.372757,41.096428,736071.6273,736071.5901
17,,,,,40.372757,,736071.6273,736071.5901
18,654.8732929,-674.0054456,4.1999173,2.6999147,40.410194,41.034054,736088.8274,736088.7905
19,651.5763009,-670.6497833,4.2000613,2.7001791,40.272949,40.971645,736096.6025,736096.5658
20,648.0620407,-667.3525809,4.200026,2.6998632,40.223042,40.946712,736104.6018,736104.5653
21,645.0273202,-665.2355877,4.1996255,2.7001038,40.297916,41.04652,736111.6455,736111.6092
22,641.9561588,-661.5433405,4.1999202,2.7000377,40.397728,40.99662,736119.726,736119.6899
23,639.1817874,-659.7519802,4.1999202,2.7000377,40.347824,41.083961,736126.7603,736126.7244
24,636.1469874,-656.2873914,4.1998954,2.7001731,40.372757,41.096428,736134.7112,736134.6753
25,633.5869444,-654.6501052,4.2000155,2.6999326,40.435165,41.071495,736141.7363,736141.7006
26,630.2719502,-650.3893529,4.1999078,2.7001457,40.460098,41.171303,736151.9034,736151.8679
27,628.4404882,-649.6653133,4.200068,2.7000253,40.385223,41.071495,736158.919,736158.8837
28,625.6947332,-647.1329169,4.1997876,2.7000253,40.435165,41.133865,736165.9376,736165.9024
29,621.4573128,-642.134825,4.1998277,2.7000654,40.372757,41.083961,736177.8588,736177.8238
30,620.0355903,-641.7052831,4.1998277,2.6998651,40.385223,41.146332,736184.8611,736184.8262
31,617.0226658,-638.9952205,4.1999478,2.7001057,40.460098,41.183769,736191.8669,736191.8322
32,613.5290644,-634.9703545,4.1999078,2.7000253,40.497536,41.108894,736200.8486,736200.814
33,611.8853333,-634.2086228,4.1997876,2.7000253,40.372757,41.058987,736207.8392,736207.8048
34,,,,,40.372757,,736207.8392,736207.8048
35,606.7991489,-627.7048777,4.1999741,2.6999314,40.335316,41.133865,736223.6728,736223.6387
36,606.1075188,-628.1200745,4.2000542,2.7000515,40.360291,41.096428,736230.6466,736230.6125
37,602.0501713,-626.1354826,4.199894,2.6996908,38.601017,41.932411,736237.6266,736237.5927
38,599.8041258,-621.1583133,4.1997738,2.6999314,40.372757,41.146332,736249.7989,736249.7651
39,599.0627114,-621.462893,4.1998539,2.7000916,40.410194,41.108894,736256.7631,736256.7294
40,596.8222385,-619.5183548,4.2002144,2.7000115,40.472565,41.20874,736263.7366,736263.703
41,593.1072436,-615.5350095,4.1998539,2.6998913,40.435165,41.171303,736272.5186,736272.4853
42,591.9062525,-614.8821185,4.1998148,2.6999724,40.397728,41.171303,736279.7166,736279.6833
43,589.1572257,-612.8973459,4.199935,2.7000124,40.422661,41.158836,736286.6662,736286.633
44,586.9061799,-610.912805,4.2000551,2.6999724,40.372757,41.171303,736293.6193,736293.5863
45,583.6450164,-607.2824549,4.1996942,2.7000926,40.497536,41.108894,736301.5882,736301.5554
46,582.6071783,-606.9661398,4.1997347,2.699852,40.397728,41.121399,736308.5285,736308.4957
47,,,,,40.397728,,736308.5285,736308.4957
48,578.537156,-603.289326,4.1998615,2.6998186,40.472565,41.196236,736324.5779,736324.5453
49,,,,,40.472565,,736324.5779,736324.5453
50,540.1406011,-565.6961523,4.1998305,2.7001085,40.435165,41.420822,736348.7803,736348.7499
51,544.1508261,-577.9189479,4.1999507,2.699908,40.360291,41.395889,736355.6759,736355.6453
52,543.2743302,-575.4802013,4.2001452,2.7000628,40.77203,41.68285,736367.7707,736367.7401
53,546.5392957,-580.8788758,4.1997848,2.6999424,40.697151,41.607975,736374.6535,736374.6228
54,546.5661248,-581.0260227,4.1999049,2.7001429,40.597343,41.583042,736381.5307,736381.4999
55,541.5460386,-575.9512938,4.2000651,2.7000628,40.659752,41.732754,736394.058,736394.0275
56,544.3258965,-578.8701635,4.2000651,2.7000227,40.634785,41.632946,736400.9286,736400.898
57,543.3293545,-578.0391777,4.1999049,2.6999824,40.634785,41.595509,736407.7928,736407.7623
58,541.0781345,-575.2941545,4.1999049,2.6998622,40.672218,41.670383,736414.8594,736414.8289
59,539.873856,-574.6726428,4.1998248,2.7000227,40.70966,41.68285,736421.718,736421.6876
60,538.0126744,-573.0003168,4.2000251,2.7001028,40.634785,41.607975,736428.5719,736428.5416
61,531.7941461,-567.4637468,4.1997972,2.699995,40.809467,41.795166,736436.6673,736436.6374
62,535.3074075,-570.4755641,4.1999178,2.7000754,40.634785,41.707825,736443.5156,736443.4855
63,533.4260005,-568.8010284,4.2001181,2.7001555,40.622318,41.558071,736450.3589,736450.3289
64,526.2557812,-562.7251821,4.200038,2.6998749,40.759563,41.857533,736459.541,736459.5114
65,530.2883049,-565.7941735,4.1999178,2.699955,40.697151,41.707825,736466.3794,736466.3495
66,528.0916532,-563.8357095,4.1999979,2.7002356,40.759563,41.583042,736473.2111,736473.1814
67,529.1747536,-561.433476,4.1999302,2.7000074,40.821934,41.782658,736490.5469,736490.5171
68,529.2633184,-564.0030095,4.2000504,2.7000475,40.784496,41.68285,736497.3798,736497.35
69,527.0825452,-562.1277486,4.1998897,2.6998072,40.70966,41.707825,736504.2029,736504.1733
70,519.7201223,-556.2119203,4.1999302,2.6999273,40.821934,41.770191,736515.7613,736515.732
71,520.7728066,-556.3346789,4.1997695,2.7000074,40.77203,41.695316,736522.6662,736522.6369
72,520.6440835,-556.8875257,4.1998496,2.7000475,40.784496,41.720291,736529.4775,736529.4482
73,520.4910666,-557.1166198,4.1996093,2.7002881,40.77203,41.670383,736536.2856,736536.2563
74,475.4615622,-501.4350459,4.1998096,2.7000475,40.784496,41.607975,736543.726,736543.6993
75,524.592346,-562.2337021,4.1998496,2.6998472,40.747059,41.545605,736550.5454,736550.5159
76,520.70863,-558.6320679,4.1998897,2.6999273,40.747059,41.632946,736557.3699,736557.3406
77,505.7172068,-544.9147707,4.1999702,2.7002881,40.809467,41.807632,736564.7436,736564.7152
0,718.7631395,-735.1195951,4.1998329,2.6998932,40.072475,40.559284,735954.8989,735954.8585
1,709.7737528,-726.687227,4.1999531,2.6999333,40.159855,40.571751,735962.0608,735962.021
2,705.5003496,-722.7328355,4.2001538,2.7000134,40.172321,40.571751,735969.2128,735969.1732
3,703.1797155,-720.2066836,4.1997614,2.6997411,40.197292,40.596722,735977.8734,735977.8339
4,698.6793039,-716.0503279,4.1998816,2.6999819,40.159855,40.546776,735985.0075,735984.9683
5,695.5755666,-713.0840305,4.2000017,2.7001824,40.172321,40.546776,735992.1351,735992.0961
6,692.6804139,-710.058312,4.1999216,2.7002225,40.122375,40.509342,735999.2566,735999.2178
7,690.9952734,-708.5077118,4.199842,2.6999826,40.197292,40.571751,736006.8708,736006.8319
8,687.6160393,-705.5725276,4.2000427,2.6999826,40.197292,40.609188,736013.9755,736013.9368
9,685.1340395,-703.2127351,4.1999626,2.7001431,40.134884,40.521809,736021.0748,736021.0362
10,682.7033126,-700.8922492,4.1999226,2.6999426,40.209759,40.521809,736028.1685,736028.1301
11,680.3608813,-698.6703029,4.2000427,2.7002232,40.247196,40.634159,736035.257,736035.2187
12,677.9297547,-696.3460285,4.1999626,2.7000227,40.122375,40.621693,736042.3409,736042.3027
13,675.3622352,-693.9320435,4.1997619,2.6999826,40.134884,40.646626,736049.4194,736049.3814
14,672.7948973,-691.4782753,4.199842,2.7001431,40.159855,40.534309,736056.4928,736056.4549
15,,,,,40.159855,,736056.4928,736056.4549
16,667.8607507,-686.4039761,4.1999569,2.6999369,40.284672,40.684105,736071.628,736071.5904
17,,,,,40.284672,,736071.628,736071.5904
18,661.946903,-681.1264227,4.1997962,2.6998568,40.322113,40.746513,736088.8281,736088.7909
19,659.0533481,-678.2317769,4.1998663,2.7000468,40.222263,40.65913,736096.6032,736096.5661
20,656.1259535,-675.4148559,4.1997485,2.699929,40.134884,40.584217,736104.6026,736104.5657
21,653.2635233,-673.3918107,4.1998286,2.7000494,40.23473,40.559284,736111.6398,736111.6031
22,650.3072266,-669.9072324,4.2000251,2.6999252,40.297138,40.684105,736119.7268,736119.6902
23,647.5960743,-667.9872304,4.1997447,2.7001257,40.334579,40.684105,736126.7554,736126.719
24,645.10736,-665.1830232,4.1997476,2.7001688,40.272167,40.734005,736134.712,736134.6757
25,642.2626477,-663.1787555,4.1998277,2.6999283,40.309605,40.734005,736141.7317,736141.6956
26,639.4436417,-659.6375677,4.1999888,2.6998887,40.347084,40.721539,736151.9042,736151.8682
27,637.2262217,-658.3707894,4.1999087,2.6998887,40.372017,40.65913,736158.9142,736158.8784
28,634.4764265,-655.8547866,4.1999087,2.7001693,40.372017,40.783951,736165.9325,736165.8968
29,631.2939333,-651.9694143,4.1997881,2.6997683,40.297138,40.746513,736177.8597,736177.8242
30,629.3235018,-650.9774306,4.1998281,2.7001293,40.396988,40.833893,736184.856,736184.8206
31,626.783069,-648.7293267,4.1999087,2.7000492,40.396988,40.734005,736191.8614,736191.8261
32,623.7088202,-645.0933333,4.1999488,2.7001293,40.396988,40.846359,736200.8495,736200.8144
33,,,,,40.396988,,736200.8495,736200.8144
34,,,,,40.396988,,736200.8495,736200.8144
35,617.4528684,-638.1805844,4.1998758,2.7004573,40.272167,40.65913,736223.6737,736223.639
36,615.9119793,-637.7480161,4.1999559,2.6998959,40.322113,40.709038,736230.6416,736230.6069
37,612.2898771,-635.8980556,4.1999559,2.7002568,38.936558,41.445522,736237.6224,736237.588
38,611.1571187,-632.3420224,4.1999159,2.7000163,40.334579,40.783951,736249.7999,736249.7655
39,609.5205119,-631.7149177,4.1998758,2.6998158,40.35955,40.783951,736256.7608,736256.7265
40,607.1033437,-629.6603428,4.1998758,2.7000563,40.35955,40.821388,736263.7316,736263.6975
41,604.5793553,-626.6624753,4.1997957,2.6998158,40.44693,40.821388,736272.5196,736272.4856
42,603.0115006,-625.6675663,4.1999469,2.6999269,40.384521,40.821388,736279.7176,736279.6837
43,600.4328459,-623.8028895,4.1999068,2.6999669,40.409492,40.75898,736286.6652,736286.6314
44,598.2719965,-621.8625687,4.1999068,2.6998065,40.334579,40.734005,736293.6234,736293.5897
45,595.3413097,-618.4472051,4.1998663,2.7001274,40.372017,40.783951,736301.5892,736301.5557
46,593.38746,-617.3970628,4.1999068,2.6998465,40.372017,40.721539,736308.5271,736308.4938
47,,,,,40.372017,,736308.5271,736308.4938
48,589.3170988,-613.8286055,4.1997929,2.7001338,40.372017,40.808922,736324.575,736324.5419
49,,,,,40.372017,,736324.575,736324.5419
50,584.5440061,-608.92485,4.2000256,2.7000859,40.334579,40.846359,736348.7771,736348.7443
51,582.3691353,-607.5595767,4.1999855,2.7001259,40.272167,40.783951,736355.6709,736355.6382
52,580.2034367,-604.4512359,4.1998696,2.6997695,40.459396,40.883797,736367.7689,736367.7363
53,579.2706408,-604.3593652,4.1999497,2.7000904,40.434425,40.833893,736374.6574,736374.6248
54,577.1580542,-602.5054697,4.1998696,2.7002509,40.384521,40.771484,736381.5429,736381.5104
55,574.264366,-599.4989362,4.1997495,2.6998899,40.521809,40.908768,736394.0564,736394.0241
56,573.8363943,-599.6266429,4.1999097,2.6998899,40.421959,40.883797,736400.9357,736400.9035
57,571.9932397,-597.9470266,4.1999097,2.7000103,40.434425,40.883797,736407.8121,736407.7799
58,569.9563823,-595.6181045,4.1997094,2.7000504,40.546776,40.971176,736414.8576,736414.8255
59,567.7289926,-594.1606611,4.1998696,2.7000904,40.421959,40.896301,736421.7274,736421.6955
60,565.7341882,-592.2878485,4.1997895,2.7001305,40.496876,40.858826,736428.5941,736428.5623
61,562.8485649,-589.3378363,4.199832,2.7003334,40.671597,41.071026,736436.6657,736436.634
62,562.1106182,-588.8489304,4.1999521,2.7000127,40.484367,41.046093,736443.5254,736443.4937
63,560.2828757,-587.1626914,4.1999521,2.6998119,40.609188,40.971176,736450.382,736450.3505
64,557.7023097,-584.8877046,4.2001128,2.7000127,40.721539,41.145939,736459.5397,736459.5083
65,557.3780738,-584.6155005,4.199872,2.7001729,40.621693,41.095997,736466.3909,736466.3595
66,555.6053352,-582.9967983,4.2001529,2.7000127,40.609188,41.108505,736473.2385,736473.2072
67,556.1283911,-582.4711286,4.1999588,2.7002597,40.709038,41.120972,736490.5448,736490.5135
68,555.6865693,-582.669789,4.1999588,2.699939,40.609188,41.095997,736497.3869,736497.3557
69,553.9327554,-581.1245224,4.1998386,2.6998987,40.596722,41.08353,736504.2258,736504.1946
70,551.0498875,-578.7011823,4.200079,2.6999791,40.634159,41.18338,736515.7605,736515.7295
71,551.172264,-580.2683003,4.1999588,2.6998587,40.596722,41.095997,736522.6508,736522.6198
72,549.436831,-577.6091746,4.200079,2.6997385,40.684105,41.108505,736529.4835,736529.4526
73,547.6232289,-575.9966217,4.1998386,2.7000191,40.634159,41.133438,736536.3134,736536.2826
74,545.759524,-574.0759611,4.2000389,2.699939,40.634159,41.133438,736543.5191,736543.4884
75,544.3290847,-573.0825077,4.1998787,2.699939,40.609188,41.095997,736550.345,736550.3144
76,542.6947331,-571.5622068,4.1998386,2.6998587,40.684105,41.145939,736557.1682,736557.1377
77,540.5556469,-569.8652392,4.1999588,2.7001395,40.684105,41.108505,736564.7371,736564.7067
78,539.8710664,-569.3134737,4.2000389,2.699939,40.571751,41.021122,736571.5565,736571.5261
79,538.3529425,-567.869427,4.1999588,2.7001395,40.621693,41.071026,736578.373,736578.3427
80,536.0941144,-566.4618705,4.1997986,2.7001395,40.709038,41.095997,736586.6841,736586.6539
81,535.9892379,-565.857303,4.1999187,2.7000992,40.596722,41.033588,736593.4982,736593.4681
0,721.1164844,-734.0756159,4.1998506,2.7001176,40.581879,41.405746,735954.8983,735954.8577
1,712.0679318,-725.6895678,4.1998906,2.6997566,40.507004,41.343338,735962.0688,735962.0287
2,706.9871122,-720.520947,4.1998906,2.6999974,40.569412,41.181042,735969.2279,735969.1881
3,703.2141197,-716.8993845,4.200058,2.699924,40.619316,41.218479,735977.8743,735977.8347
4,697.5632034,-711.6089577,4.199657,2.7000041,40.569412,41.218479,735985.0104,735984.9712
5,693.4313661,-707.538136,4.1998572,2.7001245,40.594383,41.218479,735992.1368,735992.0978
6,689.3232259,-703.3674972,4.200098,2.699964,40.619316,41.218479,735999.2551,735999.2163
7,684.6806727,-701.7227475,4.2001958,2.6998613,40.594383,41.243454,736006.8704,736006.8318
8,680.5215712,-698.0057686,4.1998749,2.6999013,40.60685,41.230988,736013.9729,736013.9346
9,676.9138723,-694.5155634,4.199995,2.7000217,40.644291,41.243454,736021.0681,736021.03
10,673.1332689,-690.9174915,4.1999149,2.6997809,40.544441,41.243454,736028.1554,736028.1175
11,669.254473,-687.1888482,4.1998348,2.6999414,40.644291,41.230988,736035.2342,736035.1966
12,664.8751991,-682.9508148,4.199995,2.7000217,40.581879,41.143604,736042.3059,736042.2684
13,660.7292773,-678.9738121,4.1999149,2.6999815,40.594383,41.230988,736049.3677,736049.3305
14,656.5154255,-674.7946724,4.2001958,2.6999013,40.644291,41.28093,736056.4218,736056.3849
15,,,,,40.644291,,736056.4218,736056.3849
16,649.0225222,-667.0886949,4.2001252,2.7000716,40.694233,41.305862,736071.626,736071.5895
17,,,,,40.694233,,736071.626,736071.5895
18,640.7433987,-659.5060783,4.1998844,2.6999111,40.744175,41.318367,736088.8259,736088.7899
19,636.9393948,-655.800346,4.1998777,2.6999848,40.744175,41.268421,736096.6009,736096.5651
20,632.8373748,-651.8358917,4.2000842,2.7001908,40.694233,41.28093,736104.6002,736104.5646
21,629.3621179,-649.1322952,4.1999235,2.6999502,40.60685,41.168575,736111.6541,736111.6187
22,625.4200706,-644.8275992,4.1999159,2.6998622,40.656792,41.28093,736119.7243,736119.6891
23,622.5492504,-642.73457,4.1999559,2.6999424,40.644291,41.206013,736126.7678,736126.7328
24,619.9996877,-639.7795284,4.1998458,2.6999524,40.694233,41.305862,736134.7096,736134.6747
25,617.2418496,-637.912457,4.1997652,2.7000327,40.694233,41.268421,736141.7455,736141.7107
26,612.9669081,-632.844296,4.1999259,2.699872,40.81905,41.368309,736151.9016,736151.8671
27,610.5559913,-631.3567585,4.199966,2.699872,40.73167,41.343338,736158.927,736158.8926
28,608.2378642,-629.2342767,4.1998453,2.7000725,40.769108,41.368309,736165.9453,736165.911
29,604.1494928,-624.4071836,4.1998453,2.6999521,40.769108,41.318367,736177.8572,736177.8232
30,602.7136126,-624.0241576,4.1997252,2.699832,40.794079,41.380775,736184.8699,736184.8359
31,599.4423191,-621.0406372,4.1999259,2.6999121,40.744175,41.318367,736191.8742,736191.8405
32,596.2102733,-617.4298009,4.1997652,2.7000325,40.73167,41.380775,736200.8468,736200.8133
33,594.6531594,-616.6100994,4.200006,2.6999924,40.756641,41.318367,736207.8493,736207.8158
34,,,,,40.756641,,736207.8493,736207.8158
35,589.2581597,-610.0098423,4.1998501,2.700037,40.744175,41.318367,736223.671,736223.6379
36,587.3144896,-609.0845318,4.1998901,2.700037,40.694233,41.206013,736230.6578,736230.6247
37,582.3196169,-606.8422395,4.1999302,2.6999969,38.397427,41.842613,736237.6354,736237.6026
38,580.8840633,-602.1429401,4.1998501,2.7000773,40.794079,41.368309,736249.7971,736249.7644
39,580.0492211,-602.259064,4.1999302,2.6999969,40.694233,41.243454,736256.7716,736256.739
40,578.2639342,-600.8081319,4.2000508,2.700037,40.781612,41.330833,736263.7454,736263.7128
41,574.0774628,-596.5517044,4.1995692,2.7001975,40.868996,41.418213,736272.5169,736272.4845
42,572.8297307,-595.6564766,4.1999035,2.69997,40.794079,41.393242,736279.7147,736279.6824
43,570.1357002,-593.6652687,4.1999836,2.6998897,40.73167,41.318367,736286.6732,736286.6411
44,568.1299647,-591.9132492,4.1997828,2.7000501,40.81905,41.380775,736293.6272,736293.5952
45,564.5128976,-588.2730658,4.2000237,2.700331,40.81905,41.405746,736301.5865,736301.5547
46,563.6108885,-587.816229,4.1999035,2.7001705,40.744175,41.268421,736308.5368,736308.505
47,,,,,40.744175,,736308.5368,736308.505
48,559.8291404,-584.5267631,4.199924,2.7001913,40.844021,41.368309,736324.5865,736324.555
49,,,,,40.844021,,736324.5865,736324.555
50,557.4281095,-582.337908,4.200026,2.6999323,40.806583,41.318367,736348.7748,736348.7434
51,555.5754281,-581.2337716,4.2001061,2.7001328,40.744175,41.293396,736355.6208,736355.5895
0,720.4058178,-735.3360707,4.1996593,2.69981,41.269474,42.042503,735954.8979,735954.8576
1,710.5202357,-726.3272216,4.1997795,2.7000906,41.194679,42.092369,735962.0526,735962.0128
2,705.3694593,-721.6143906,4.1996593,2.7000103,41.306873,42.042503,735969.1948,735969.1552
3,702.4368026,-718.1408943,4.2000246,2.6998551,41.306873,42.154701,735977.8745,735977.8351
4,696.9903606,-713.4979227,4.1996241,2.7000554,41.257008,42.104836,735984.9968,735984.9578
5,693.137875,-709.9294525,4.1999846,2.699775,41.369205,42.005104,735992.1108,735992.0719
6,689.7118648,-706.7197518,4.1999445,2.7001357,41.331806,42.092369,735999.2172,735999.1785
7,687.3714643,-704.4068228,4.200017,2.7000077,41.269474,42.129768,736006.8707,736006.832
8,683.4967846,-701.0295868,4.1998568,2.7000477,41.344273,42.142235,736013.9682,736013.9297
9,680.4886011,-698.250012,4.1996164,2.6998074,41.257008,42.042503,736021.0593,736021.021
10,677.6511498,-695.5576917,4.1999369,2.7000477,41.257008,42.05497,736028.1441,736028.1059
11,674.5533587,-692.5531944,4.1997766,2.7000477,41.232075,41.992638,736035.2228,736035.1848
12,671.6860354,-689.7775882,4.1998968,2.6998074,41.356739,41.980171,736042.2949,736042.2571
13,668.8064565,-687.1135598,4.1998568,2.7000878,41.406605,42.092369,736049.3611,736049.3234
14,666.0877798,-684.5275285,4.1998568,2.6998875,41.406605,42.067436,736056.4212,736056.3837
15,,,,,41.406605,,736056.4212,736056.3837
16,660.3256382,-678.6439037,4.199914,2.700145,41.344273,42.179672,736071.6271,736071.59
17,,,,,41.344273,,736071.6271,736071.59
18,653.7171921,-672.7264228,4.1998739,2.7000649,41.431576,42.242004,736088.8272,736088.7904
19,650.5809573,-669.6039858,4.20017,2.7002008,41.331806,42.192139,736096.6023,736096.5657
20,647.4186946,-666.5615613,4.200068,2.7001791,41.394138,42.329269,736104.6016,736104.5651
21,644.1002162,-664.1121441,4.1996274,2.7000189,41.381672,42.217072,736111.6391,736111.6028
22,641.5899401,-661.1156253,4.1999011,2.7001321,41.431576,42.279404,736119.7259,736119.6898
23,638.6135946,-659.0852627,4.1999412,2.7000518,41.468975,42.179672,736126.7536,736126.7176
24,635.6849275,-655.6245707,4.1997886,2.6998596,41.406605,42.29187,736134.711,736134.6752
25,632.7146078,-653.5720311,4.200109,2.6998596,41.31934,42.229538,736141.7312,736141.6956
26,629.9433626,-650.1803326,4.1996889,2.6998799,41.356739,42.254471,736151.9033,736151.8679
27,627.384281,-648.655456,4.199729,2.7,41.306873,42.204605,736158.9141,736158.8788
28,624.8940166,-646.3729055,4.1999292,2.7001202,41.356739,42.29187,736165.9328,736165.8977
29,622.2811819,-643.068254,4.1999693,2.6999199,41.481441,42.379135,736177.8588,736177.8238
30,620.3946294,-642.136176,4.2001295,2.69996,41.394138,42.266937,736184.8566,736184.8217
31,617.7221196,-639.8080245,4.199729,2.6998398,41.456509,42.316803,736191.8629,736191.8281
32,615.2191851,-636.6188012,4.1999693,2.7000401,41.506374,42.404068,736200.8487,736200.8141
33,613.1243346,-635.5653823,4.1998892,2.7001603,41.456509,42.29187,736207.834,736207.7995
34,,,,,41.456509,,736207.834,736207.7995
35,608.3997513,-629.1525594,4.199729,2.7002003,41.581173,42.491367,736223.6731,736223.6388
36,606.5584273,-628.5798252,4.2000494,2.6998799,41.456509,42.404068,736230.6409,736230.6068
37,602.5035576,-626.4541624,4.1998491,2.7000401,39.748348,42.616032,736237.6208,736237.5869
38,601.4283004,-622.7429618,4.1998491,2.7001603,41.55624,42.404068,736249.7991,736249.7653
39,599.792649,-622.2255141,4.1998491,2.7,41.506374,42.366669,736256.758,736256.7243
40,597.2795842,-620.0543714,4.2000895,2.7001202,41.481441,42.404068,736263.7313,736263.6977
41,594.6691205,-616.9927458,4.2000494,2.7000401,41.493908,42.466438,736272.5187,736272.4853
42,593.0807431,-616.0030105,4.2000241,2.6997745,41.493908,42.441505,736279.7167,736279.6833
43,590.6419559,-614.41301,4.1998639,2.7000549,41.55624,42.503834,736286.6616,736286.6284
44,588.343547,-612.4443361,4.1997037,2.6999748,41.568707,42.379135,736293.6133,736293.5802
45,585.9745002,-609.5275837,4.2001042,2.7000949,41.618568,42.616032,736301.5884,736301.5554
46,584.5228092,-608.9826949,4.1998639,2.6999748,41.606102,42.478905,736308.524,736308.4911
47,,,,,41.606102,,736308.524,736308.4911
48,580.4344154,-605.3543107,4.2001014,2.7000518,41.531307,42.5163,736324.5727,736324.54
0,716.6576159,-732.7947555,4.1999187,2.6999252,40.954269,41.815693,735954.8978,735954.8575
1,707.5824239,-724.6838391,4.1998386,2.6999655,41.016682,41.765751,735962.0659,735962.026
2,702.8366452,-719.9780781,4.1999989,2.6998851,41.016682,41.940556,735969.2221,735969.1825
3,699.7455029,-716.760549,4.2001157,2.6999218,41.166512,42.077877,735977.8752,735977.8358
4,694.3189389,-711.673652,4.1999555,2.7001626,41.054157,41.915581,735985.0116,735984.9725
5,690.5259396,-707.7770534,4.1999154,2.7000422,41.029186,41.828201,735992.1392,735992.1003
6,686.7950854,-704.2491784,4.1999555,2.7000823,41.178978,41.928047,735999.2595,735999.2207
7,685.8442833,-702.8095879,4.2001123,2.7000387,41.166512,41.977989,736006.8708,736006.8322
8,681.3844446,-698.8143264,4.1996307,2.6999583,41.116566,41.953018,736013.9759,736013.9375
9,678.453841,-696.0256868,4.1997914,2.7001188,41.104061,41.965523,736021.0732,736021.035
10,675.1078825,-692.8134516,4.2000318,2.6999583,41.154007,41.928047,736028.1641,736028.1261
11,671.9991941,-689.8064009,4.1997108,2.6999583,41.079132,41.878143,736035.2483,736035.2105
12,668.9014036,-686.8602393,4.1998715,2.7001188,41.141541,41.928047,736042.3256,736042.288
13,665.7253233,-683.7786762,4.1998715,2.7003596,41.303837,41.990498,736049.3965,736049.359
14,662.563415,-680.8693882,4.1999917,2.6999984,41.216454,41.965523,736056.4607,736056.4234
15,,,,,41.216454,,736056.4607,736056.4234
16,656.4056003,-674.4000039,4.1999464,2.7000732,41.266396,42.065411,736071.6268,736071.5899
17,,,,,41.266396,,736071.6268,736071.5899
18,650.5602928,-669.1830336,4.1999464,2.6999528,41.29137,42.140285,736088.827,736088.7904
19,647.2776377,-666.0073377,4.1997719,2.7000191,41.29137,42.140285,736096.6021,736096.5656
20,643.7137517,-662.6077744,4.1999488,2.7000356,41.366245,42.127819,736104.6013,736104.5651
21,640.4058567,-660.0615587,4.1998281,2.6999552,41.29137,42.127819,736111.6515,736111.6154
22,637.1642405,-656.3749727,4.1998372,2.7000041,41.353779,42.152794,736119.7255,736119.6897
23,634.3513089,-654.4088374,4.1999173,2.6998436,41.391216,42.177765,736126.7652,736126.7295
24,630.6439643,-650.3692897,4.1999378,2.6999447,41.253891,42.16526,736134.7106,736134.6751
25,627.9019573,-648.4450827,4.1998978,2.6998243,41.353779,42.140285,736141.744,736141.7086
26,624.4730032,-644.3100798,4.2000661,2.6997921,41.316303,42.16526,736151.9029,736151.8677
27,622.7019018,-643.5074923,4.2000661,2.7000327,41.303837,42.115353,736158.927,736158.8919
28,620.409051,-641.3314138,4.1998658,2.6998723,41.391216,42.127819,736165.9454,736165.9104
29,616.9153063,-637.2797994,4.1998258,2.700073,41.416187,42.265144,736177.8585,736177.8237
30,615.3922559,-636.6215899,4.2001061,2.7001131,41.37875,42.077877,736184.8702,736184.8355
31,612.4112799,-633.995614,4.1999059,2.7001131,41.353779,42.215202,736191.8754,736191.8409
32,609.1204472,-630.1612188,4.1998658,2.6998322,41.466133,42.215202,736200.8483,736200.814
33,607.1254387,-629.0775841,4.1998258,2.6998723,41.466133,42.202736,736207.8486,736207.8144
34,,,,,41.466133,,736207.8486,736207.8144
35,602.4201445,-622.9330971,4.1996994,2.700027,41.503567,42.31509,736223.6725,736223.6386
36,600.8417454,-622.465575,4.2000203,2.7001474,41.541046,42.252678,736230.6548,736230.621
37,595.7463713,-620.331326,4.1993384,2.6999469,38.669582,42.290115,736237.6333,736237.5998
38,595.1386435,-616.1640443,4.1999002,2.6999869,41.4911,42.252678,736249.7986,736249.7651
39,593.9951443,-615.9681421,4.1999803,2.700027,41.478634,42.265144,736256.7693,736256.7358
40,591.188834,-613.5031779,4.1999002,2.700027,41.566017,42.277649,736263.744,736263.7108
41,587.5480813,-609.6173819,4.1999402,2.700027,41.566017,42.40247,736272.5182,736272.4851
42,586.3999856,-609.0230989,4.1999412,2.7001884,41.578484,42.277649,736279.7161,736279.6831
43,584.0771287,-607.3699491,4.1999412,2.6999075,41.478634,42.31509,736286.6721,736286.6392
44,581.9845393,-605.5915026,4.1997805,2.7000279,41.4911,42.290115,736293.6278,736293.5951
45,578.2722481,-601.5582613,4.1999011,2.6999478,41.603455,42.340057,736301.5877,736301.5552
46,562.6489691,-586.0442341,4.199821,2.7001483,41.541046,42.352524,736308.5323,736308.5006
47,,,,,41.541046,,736308.5323,736308.5006
48,571.8631175,-586.3836032,4.1998005,2.6998072,41.566017,42.327557,736324.5848,736324.5526
49,,,,,41.566017,,736324.5848,736324.5526
50,560.97705,-579.023152,4.2000527,2.7000194,41.653397,42.340057,736348.7744,736348.7428
0,713.3812745,-728.7460725,4.200016,2.6998887,40.874641,41.685497,735954.8985,735954.8584
1,704.015451,-720.347778,4.199976,2.6998887,40.986916,41.772804,735962.0511,735962.0115
2,699.4808159,-716.2137717,4.200016,2.7000489,41.036823,41.722939,735969.1918,735969.1524
3,698.0793142,-713.9550899,4.1997981,2.6999109,41.036823,41.860146,735977.8757,735977.8364
4,693.7313853,-710.3504913,4.1998382,2.7001114,41.036823,41.772804,735985.0013,735984.9622
5,690.7108274,-707.6044991,4.1997581,2.7000313,41.036823,41.772804,735992.1208,735992.0819
6,687.9863574,-705.1038567,4.1999583,2.699991,41.086689,41.822708,735999.2342,735999.1954
7,687.5048872,-705.0077744,4.1999817,2.7000945,40.937016,41.835175,736006.8713,736006.8326
8,684.275895,-702.2042278,4.1999817,2.7000945,41.04929,41.772804,736013.9781,736013.9396
9,682.0736504,-700.10652,4.1997409,2.7000945,41.086689,41.71043,736021.0801,736021.0417
10,679.8294927,-698.0250409,4.1999416,2.7000544,41.086689,41.747871,736028.1772,736028.1389
11,677.7362643,-695.9609703,4.1999016,2.7001345,41.074223,41.772804,736035.2696,736035.2315
12,675.6161507,-694.003234,4.199861,2.7000945,41.024315,41.835175,736042.3572,736042.3192
13,673.5969987,-692.0996563,4.1997008,2.7001345,41.011848,41.822708,736049.4403,736049.4024
14,671.6257332,-690.2711085,4.1999016,2.6998942,41.074223,41.847679,736056.5192,736056.4814
15,,,,,41.074223,,736056.5192,736056.4814
16,667.9662949,-686.4617324,4.1999326,2.7002058,41.086689,41.872612,736071.6281,736071.5905
17,,,,,41.086689,,736071.6281,736071.5905
18,663.3721912,-682.4584052,4.1998124,2.7000856,41.236401,41.897583,736088.8283,736088.791
19,661.1310693,-680.1674775,4.1999044,2.6999373,41.086689,41.910049,736096.6035,736096.5663
20,658.7838865,-677.9978592,4.1998916,2.700165,41.248867,41.897583,736104.6029,736104.5658
21,656.5748667,-676.4506854,4.1999316,2.6999247,41.149055,41.959953,736111.6513,736111.6144
22,654.4452379,-673.9377404,4.1999741,2.700007,41.223934,41.997353,736119.7273,736119.6905
23,652.2279871,-672.4685313,4.1998138,2.700047,41.211468,41.897583,736126.7674,736126.7306
24,649.9303246,-669.8150416,4.1999607,2.6998732,41.136589,41.97242,736134.7126,736134.676
25,647.662446,-668.3161982,4.2001209,2.6999533,41.136589,41.860146,736141.7441,736141.7076
26,645.0870405,-665.2058399,4.199883,2.6999156,41.111656,41.959953,736151.9049,736151.8686
27,642.9977941,-663.9368706,4.2000031,2.7000358,41.223934,41.934982,736158.9272,736158.891
28,640.8938458,-662.0301298,4.1999631,2.6999557,41.161564,41.897583,736165.9457,736165.9096
29,638.287695,-658.9018481,4.1997623,2.6999958,41.261333,42.047256,736177.8605,736177.8246
30,636.5360465,-657.9000267,4.2000833,2.7001162,41.223934,41.922516,736184.8695,736184.8337
31,634.3012019,-655.9158499,4.2001233,2.6999156,41.273838,41.922516,736191.8751,736191.8394
32,631.6668106,-652.8250279,4.1998029,2.6997955,41.236401,41.997353,736200.8504,736200.8148
33,629.8592811,-651.8482504,4.2000432,2.7002764,41.286304,42.03479,736207.8471,736207.8116
34,,,,,41.286304,,736207.8471,736207.8116
35,626.9149464,-647.4990219,4.1998401,2.699913,41.348675,42.122131,736223.6748,736223.6395
36,625.2531616,-646.8315112,4.19976,2.7000735,41.373608,42.072227,736230.6547,736230.6195
37,620.3297849,-645.3042029,4.1999602,2.7000735,38.142647,42.022324,736237.6357,736237.6007
38,621.4530829,-642.4368996,4.1996398,2.7000735,41.336208,42.122131,736249.8011,736249.7661
39,619.9797936,-641.9201636,4.1998,2.6999931,41.298771,41.997353,736256.7745,736256.7395
40,618.022074,-640.2204043,4.2000403,2.6998329,41.323742,41.934982,736263.7455,736263.7107
41,615.5299159,-637.2624876,4.19976,2.7000332,41.336208,42.09716,736272.5208,736272.4861
42,614.1016921,-636.4617755,4.1997447,2.7000985,41.373608,42.059723,736279.7188,736279.6842
43,611.8900173,-634.8833454,4.1999054,2.699858,41.298771,42.059723,736286.6796,736286.6451
44,610.0965167,-633.3857813,4.1997447,2.6999781,41.348675,42.084694,736293.6375,736293.6032
45,607.8592381,-630.5555549,4.2000656,2.6999781,41.361141,42.159531,736301.5904,736301.5562
46,606.317486,-630.0056153,4.1997848,2.7000182,41.336208,42.122131,736308.5414,736308.5072
47,,,,,41.336208,,736308.5414,736308.5072
48,602.6360171,-626.7490104,4.1998553,2.7001288,41.411045,42.059723,736324.5894,736324.5555
49,,,,,41.411045,,736324.5894,736324.5555
50,598.910153,-623.0463728,4.1997623,2.6998756,41.423512,42.196972,736348.7786,736348.7449
51,596.8518911,-621.901057,4.1999226,2.6999958,41.211468,42.171997,736355.685,736355.6514
52,594.7578152,-618.823316,4.200036,2.6999488,41.086689,42.03479,736367.7703,736367.7368
53,593.7064384,-618.9548531,4.1998358,2.6999888,41.036823,41.934982,736374.6981,736374.6646
54,591.9278664,-617.5276695,4.2000761,2.6998284,41.036823,41.934982,736381.6247,736381.5914
55,589.4054695,-614.2925687,4.1999559,2.7002294,41.17403,42.109627,736394.0579,736394.0247
56,588.7069065,-614.5690801,4.1998758,2.6999488,41.011848,41.847679,736400.9769,736400.9438
57,586.9598172,-613.1146593,4.2001162,2.6999087,41.061756,41.897583,736407.8953,736407.8622
58,585.5191069,-611.3462824,4.1997957,2.6999488,41.086689,42.047256,736414.8592,736414.8263
59,583.692299,-610.0332969,4.1999559,2.700109,40.986916,41.872612,736421.772,736421.7391
60,582.1183383,-608.808586,4.1996355,2.7000289,41.04929,41.910049,736428.6826,736428.6499
61,579.897588,-606.0533887,4.199924,2.7000372,41.149055,42.09716,736436.6673,736436.6346
62,579.0511543,-605.9034227,4.2000046,2.7002778,41.011848,41.910049,736443.5724,736443.5398
63,577.5037273,-604.6515081,4.199924,2.6999972,41.111656,41.885078,736450.4752,736450.4427
64,575.2077508,-601.8397428,4.1998839,2.6999571,41.186497,42.109627,736459.5414,736459.509
65,574.8589413,-602.0161384,4.2000847,2.7001173,41.298771,42.371616,736466.4386,736466.4062
66,573.4079509,-600.7270195,4.1998439,2.6999972,41.348675,42.446453,736473.3333,736473.301
67,573.222096,-598.7575379,4.1999421,2.7002153,41.49839,42.633564,736490.5464,736490.5141
68,572.2755483,-599.0486078,4.1998219,2.699975,41.448483,42.483891,736497.4342,736497.4019
69,570.7765995,-597.8516214,4.1999421,2.7000551,41.460949,42.409054,736504.3212,736504.289
70,568.2467578,-594.9915726,4.1997819,2.7000551,41.560757,42.733372,736515.7621,736515.7301
71,567.7139077,-597.1592894,4.1998219,2.6998947,41.411045,42.496357,736522.6323,736522.6004
72,566.075227,-593.9663082,4.1997819,2.7000151,41.361141,42.52129,736529.5129,736529.4811
73,564.5126691,-592.7687808,4.199862,2.699975,41.448483,42.471424,736536.3918,736536.36
74,562.7334964,-590.6981891,4.199862,2.7000151,41.473415,42.471424,736543.5209,736543.4892
75,561.2987049,-589.9650195,4.1999021,2.7002153,41.373608,42.284271,736550.3954,736550.3637
76,559.6933564,-588.6221542,4.1999421,2.7000551,41.323742,42.309246,736557.2676,736557.2361
77,557.7899114,-586.5107417,4.1999021,2.6998546,41.485882,42.646069,736564.7388,736564.7074
78,556.8606854,-586.0648501,4.1995811,2.7001753,41.261333,42.29678,736571.607,736571.5757
79,555.462568,-584.9615835,4.1999021,2.6997344,41.298771,42.284271,736578.4725,736578.4413
80,553.2455265,-582.8396748,4.2001824,2.7000551,41.423512,42.571194,736586.6857,736586.6546
81,553.0814879,-582.8069571,4.2000222,2.7000952,41.386112,42.409054,736593.5479,736593.5168
0,711.9566828,-727.5279509,4.1998043,2.7000058,40.193825,41.192108,735954.8973,735954.8573
1,703.0846215,-720.0435692,4.1999249,2.6996851,40.306141,41.242008,735962.0463,735962.0068
2,,,,,40.306141,,735962.0463,735962.0068
3,696.9465602,-713.4368676,4.200016,2.7000573,40.356041,41.254517,735977.876,735977.8368
4,692.2833545,-709.5431373,4.1997757,2.6998568,40.343575,41.279449,735984.9982,735984.9593
5,689.0867306,-706.6031209,4.1997356,2.7002575,40.368507,41.254517,735992.1144,735992.0757
6,686.0718701,-703.9271831,4.2000966,2.6999769,40.380974,41.379295,735999.2244,735999.1859
7,685.7698513,-702.8268332,4.1999383,2.7002196,40.356041,41.291954,736006.8711,736006.8325
8,682.0947463,-699.6604835,4.1999784,2.7001796,40.393482,41.291954,736013.9701,736013.9317
9,679.7522228,-697.505187,4.1999383,2.699899,40.293633,41.167133,736021.0637,736021.0254
10,677.5826346,-695.4463584,4.1999784,2.7000995,40.368507,41.204575,736028.1524,736028.1143
11,675.4165922,-693.3844109,4.1998181,2.7000995,40.443386,41.242008,736035.2364,736035.1983
12,673.3122549,-691.3525594,4.2000184,2.699899,40.505795,41.242008,736042.3158,736042.2779
13,671.1777884,-689.3511784,4.1997776,2.7000995,40.443386,41.229542,736049.3904,736049.3527
14,669.1955885,-687.4919011,4.1998181,2.699939,40.405949,41.279449,736056.4607,736056.423
15,,,,,40.405949,,736056.4607,736056.423
16,665.6746937,-683.6927505,4.1999469,2.6999078,40.380974,41.391762,736071.6276,736071.5901
17,,,,,40.380974,,736071.6276,736071.5901
18,661.2840127,-679.848344,4.1999874,2.7001483,40.530727,41.404228,736088.8279,736088.7907
19,658.8886203,-677.4453168,4.1998115,2.6996922,40.518261,41.391762,736096.603,736096.5659
20,656.5583767,-675.2706368,4.2001376,2.6999779,40.530727,41.416733,736104.6024,736104.5655
21,654.1820885,-673.7840156,4.1997766,2.7000179,40.543232,41.366829,736111.6462,736111.6094
22,652.0214104,-671.161669,4.1999722,2.6999731,40.530727,41.341858,736119.7269,736119.6902
23,649.7698903,-669.7381704,4.1996117,2.7000535,40.505795,41.391762,736126.762,736126.7255
24,646.811909,-666.3400254,4.1997786,2.7001805,40.455853,41.429199,736134.7121,736134.6757
25,644.0109398,-664.4188098,4.1999793,2.6998999,40.518261,41.341858,736141.7384,736141.7022
26,640.8758227,-660.6598131,4.1999235,2.6999648,40.518261,41.429199,736151.9043,736151.8682
27,638.5444363,-659.2901307,4.1998434,2.6999648,40.543232,41.366829,736158.9211,736158.8852
28,635.7574215,-656.7032675,4.2002044,2.6998847,40.530727,41.379295,736165.9394,736165.9036
29,632.392465,-652.6045604,4.1998434,2.6998847,40.555698,41.504078,736177.8598,736177.8242
30,630.3522565,-651.5216355,4.199964,2.6999247,40.49329,41.429199,736184.8631,736184.8276
31,627.739102,-649.2333106,4.1999235,2.7001252,40.568165,41.491611,736191.8686,736191.8332
32,624.7706349,-645.7033994,4.2000842,2.7000449,40.518261,41.479103,736200.8495,736200.8144
33,622.8345524,-644.669735,4.1999235,2.6998847,40.568165,41.504078,736207.8406,736207.8055
34,,,,,40.568165,,736207.8406,736207.8055
35,618.7480967,-639.1331898,4.1998749,2.7000363,40.643044,41.516544,736223.6739,736223.6391
36,616.8969393,-638.4180527,4.1998749,2.6999161,40.643044,41.541512,736230.6484,736230.6136
37,611.2068588,-636.1130349,4.1998749,2.6999161,37.473476,41.491611,736237.6292,736237.5948
38,611.2047322,-632.0343069,4.2000756,2.6999562,40.605602,41.529045,736249.7999,736249.7655
39,609.3886696,-631.315681,4.1998749,2.6998761,40.65551,41.553978,736256.7675,736256.7332
40,606.8531191,-629.1404956,4.1998749,2.6999962,40.605602,41.529045,736263.7384,736263.7042
41,603.7391327,-625.4674043,4.2000756,2.6999161,40.65551,41.578953,736272.5195,736272.4855
42,602.1046036,-624.5859825,4.1999302,2.6999311,40.643044,41.578953,736279.7175,736279.6836
43,599.4007096,-622.6337554,4.19981,2.7000513,40.680477,41.603924,736286.6721,736286.6383
44,596.9897056,-620.4760864,4.1996899,2.7000113,40.65551,41.641361,736293.63,736293.5964
45,594.0429865,-616.9983768,4.1998901,2.7002518,40.643044,41.628857,736301.5891,736301.5557
46,592.4406686,-616.3392973,4.1995692,2.6998911,40.680477,41.553978,736308.5338,736308.5005
47,,,,,40.680477,,736308.5338,736308.5005
48,587.9163632,-612.2732738,4.1999054,2.6997459,40.680477,41.666294,736324.5816,736324.5485
49,,,,,40.680477,,736324.5816,736324.5485
50,583.118742,-607.3262719,4.199894,2.7000952,40.705452,41.591419,736348.777,736348.7442
51,580.6917045,-605.9417256,4.1998539,2.7000551,40.518261,41.628857,736355.6773,736355.6447
52,577.3126633,-601.8903821,4.1998949,2.7000561,40.368507,41.30442,736367.7687,736367.7362
53,576.5316938,-601.9347886,4.1998549,2.7000158,40.343575,41.242008,736374.6599,736374.6274
54,574.3316048,-600.0077754,4.2000551,2.7000158,40.293633,41.266983,736381.5479,736381.5155
55,570.7305659,-596.3490335,4.2000551,2.6999357,40.418415,41.429199,736394.0562,736394.0241
56,570.2422394,-596.2266061,4.199975,2.7000961,40.331074,41.279449,736400.9369,736400.9048
57,568.064274,-594.3409602,4.1998549,2.7000961,40.380974,41.416733,736407.8141,736407.7822
58,566.0788567,-592.0146002,4.2000952,2.7000158,40.356041,41.391762,736414.8574,736414.8255
59,563.7302271,-590.4843032,4.2000151,2.7000158,40.368507,41.379295,736421.7281,736421.6963
60,561.6041397,-588.5823764,4.1998949,2.6998956,40.356041,41.379295,736428.5954,736428.5638
61,558.1351324,-585.2882372,4.1998849,2.6999257,40.480824,41.479103,736436.6654,736436.634
62,557.831429,-585.1320387,4.2001252,2.7000458,40.343575,41.329391,736443.5264,736443.495
63,555.7578002,-583.2241107,4.1997643,2.7000861,40.368507,41.341858,736450.3833,736450.352
64,551.9027739,-579.8709863,4.1999249,2.7000861,40.505795,41.591419,736459.5394,736459.5084
65,552.7637688,-580.3408686,4.1998444,2.6999657,40.705452,41.603924,736466.3909,736466.3598
66,550.8278244,-578.5533542,4.1998444,2.7000058,40.680477,41.653828,736473.2378,736473.2068
67,551.0345226,-578.0345206,4.2000508,2.7001719,40.855206,41.791073,736490.5444,736490.5134
68,550.2694657,-577.7142933,4.19977,2.7002521,40.717918,41.728703,736497.386,736497.355
69,548.6940273,-576.4201292,4.1998906,2.6998513,40.680477,41.728703,736504.2237,736504.1928
70,544.4566055,-573.0210856,4.2000508,2.7000518,40.817764,41.903389,736515.7602,736515.7295
71,544.6286045,-574.6346478,4.1999307,2.7000918,40.780327,41.753635,736522.6485,736522.6179
72,542.8825554,-571.4523631,4.1999307,2.6998112,40.742889,41.703732,736529.478,736529.4475
73,540.878139,-569.808203,4.1995697,2.7000115,40.730385,41.816048,736536.3043,736536.2738
74,538.4962125,-567.5662623,4.1999707,2.6999314,40.65551,41.666294,736543.5187,736543.4884
75,537.3299702,-566.6573076,4.2000108,2.7000518,40.580669,41.61639,736550.3411,736550.3109
76,535.7570596,-565.3637468,4.2000108,2.7002923,40.543232,41.61639,736557.1605,736557.1304
77,532.7683584,-562.9671093,4.1999707,2.7000115,40.580669,41.728703,736564.7368,736564.7068
78,532.5547242,-562.6004974,4.1997299,2.7000518,40.630577,41.529045,736571.5527,736571.5227
79,530.9246235,-561.1111479,4.2000108,2.6999314,40.568165,41.703732,736578.3646,736578.3347
80,526.7268577,-558.1610836,4.1999707,2.6999714,40.668011,41.741169,736586.6836,736586.654
81,528.3893132,-558.9581404,4.1998906,2.7000918,40.618069,41.603924,736593.493,736593.4633
